"A编号","最小标签","图片文件名","提示词文件名"
"A037","上衣+短裤","A037-上衣+短裤.png","A037-上衣+短裤.txt"
"A070","连衣裙","A070-连衣裙.png","A070-连衣裙.txt"
"A001","连体短裤","A001-连体短裤.png","A001-连体短裤.txt"
"A155","时装穿搭","A155-时装穿搭.png","A155-时装穿搭.txt"
"A179","连衣裙","A179-连衣裙.png","A179-连衣裙.txt"
"A120","时装穿搭","A120-时装穿搭.png","A120-时装穿搭.txt"
"A039","上衣+长裤","A039-上衣+长裤.png","A039-上衣+长裤.txt"
"A202","上衣+短裤","A202-上衣+短裤.png","A202-上衣+短裤.txt"
"A097","上衣+长裤","A097-上衣+长裤.png","A097-上衣+长裤.txt"
"A190","上衣+短裤","A190-上衣+短裤.png","A190-上衣+短裤.txt"
"A186","上衣+长裤","A186-上衣+长裤.png","A186-上衣+长裤.txt"
"A107","衬衫+短裤","A107-衬衫+短裤.png","A107-衬衫+短裤.txt"
"A007","时装穿搭","A007-时装穿搭.png","A007-时装穿搭.txt"
"A131","时装穿搭","A131-时装穿搭.png","A131-时装穿搭.txt"
"A123","衬衫+下装","A123-衬衫+下装.png","A123-衬衫+下装.txt"
"A044","时装穿搭","A044-时装穿搭.png","A044-时装穿搭.txt"
"A038","上衣+短裤","A038-上衣+短裤.png","A038-上衣+短裤.txt"
"A130","上衣+短裤","A130-上衣+短裤.png","A130-上衣+短裤.txt"
"A013","上衣+长裤","A013-上衣+长裤.png","A013-上衣+长裤.txt"
"A169","上衣+短裤","A169-上衣+短裤.png","A169-上衣+短裤.txt"
"A160","时装穿搭","A160-时装穿搭.png","A160-时装穿搭.txt"
"A098","上衣+短裤","A098-上衣+短裤.png","A098-上衣+短裤.txt"
"A003","连体短裤","A003-连体短裤.png","A003-连体短裤.txt"
"A058","上衣+长裤","A058-上衣+长裤.png","A058-上衣+长裤.txt"
"A087","上衣+长裤","A087-上衣+长裤.png","A087-上衣+长裤.txt"
"A121","连体短裤","A121-连体短裤.png","A121-连体短裤.txt"
"A172","衬衫+下装","A172-衬衫+下装.png","A172-衬衫+下装.txt"
"A025","上衣+长裤","A025-上衣+长裤.png","A025-上衣+长裤.txt"
"A040","上衣+短裤","A040-上衣+短裤.png","A040-上衣+短裤.txt"
"A009","连体短裤","A009-连体短裤.png","A009-连体短裤.txt"
"A167","衬衫+短裤","A167-衬衫+短裤.png","A167-衬衫+短裤.txt"
"A185","上衣+长裤","A185-上衣+长裤.png","A185-上衣+长裤.txt"
"A161","上衣+长裤","A161-上衣+长裤.png","A161-上衣+长裤.txt"
"A199","连体短裤","A199-连体短裤.png","A199-连体短裤.txt"
"A117","时装穿搭","A117-时装穿搭.png","A117-时装穿搭.txt"
"A141","连衣裙","A141-连衣裙.png","A141-连衣裙.txt"
"A158","时装穿搭","A158-时装穿搭.png","A158-时装穿搭.txt"
"A005","时装穿搭","A005-时装穿搭.png","A005-时装穿搭.txt"
"A063","时装穿搭","A063-时装穿搭.png","A063-时装穿搭.txt"
"A074","时装穿搭","A074-时装穿搭.png","A074-时装穿搭.txt"
"A119","上衣+长裤","A119-上衣+长裤.png","A119-上衣+长裤.txt"
"A011","上衣+短裤","A011-上衣+短裤.png","A011-上衣+短裤.txt"
"A147","时装穿搭","A147-时装穿搭.png","A147-时装穿搭.txt"
"A149","连衣裙","A149-连衣裙.png","A149-连衣裙.txt"
"A047","连体短裤","A047-连体短裤.png","A047-连体短裤.txt"
"A028","上衣+短裤","A028-上衣+短裤.png","A028-上衣+短裤.txt"
"A133","上衣+短裤","A133-上衣+短裤.png","A133-上衣+短裤.txt"
"A165","时装穿搭","A165-时装穿搭.png","A165-时装穿搭.txt"
"A145","衬衫+短裤","A145-衬衫+短裤.png","A145-衬衫+短裤.txt"
"A056","上衣+长裤","A056-上衣+长裤.png","A056-上衣+长裤.txt"
"A180","上衣+长裤","A180-上衣+长裤.png","A180-上衣+长裤.txt"
"A091","衬衫+短裤","A091-衬衫+短裤.png","A091-衬衫+短裤.txt"
"A057","时装穿搭","A057-时装穿搭.png","A057-时装穿搭.txt"
"A016","时装穿搭","A016-时装穿搭.png","A016-时装穿搭.txt"
"A181","时装穿搭","A181-时装穿搭.png","A181-时装穿搭.txt"
"A102","上衣+长裤","A102-上衣+长裤.png","A102-上衣+长裤.txt"
"A193","上衣+短裤","A193-上衣+短裤.png","A193-上衣+短裤.txt"
"A159","衬衫+短裤","A159-衬衫+短裤.png","A159-衬衫+短裤.txt"
"A176","上衣+长裤","A176-上衣+长裤.png","A176-上衣+长裤.txt"
"A048","上衣+长裤","A048-上衣+长裤.png","A048-上衣+长裤.txt"
"A079","衬衫+下装","A079-衬衫+下装.png","A079-衬衫+下装.txt"
"A004","上衣+长裤","A004-上衣+长裤.png","A004-上衣+长裤.txt"
"A148","上衣+短裤","A148-上衣+短裤.png","A148-上衣+短裤.txt"
"A068","上衣+短裙","A068-上衣+短裙.png","A068-上衣+短裙.txt"
"A182","时装穿搭","A182-时装穿搭.png","A182-时装穿搭.txt"
"A100","上衣+短裤","A100-上衣+短裤.png","A100-上衣+短裤.txt"
"A061","上衣+短裤","A061-上衣+短裤.png","A061-上衣+短裤.txt"
"A065","时装穿搭","A065-时装穿搭.png","A065-时装穿搭.txt"
"A174","上衣+短裙","A174-上衣+短裙.png","A174-上衣+短裙.txt"
"A144","上衣+短裤","A144-上衣+短裤.png","A144-上衣+短裤.txt"
"A075","上衣+长裤","A075-上衣+长裤.png","A075-上衣+长裤.txt"
"A085","衬衫+下装","A085-衬衫+下装.png","A085-衬衫+下装.txt"
"A052","上衣+短裤","A052-上衣+短裤.png","A052-上衣+短裤.txt"
"A152","衬衫+短裤","A152-衬衫+短裤.png","A152-衬衫+短裤.txt"
"A200","上衣+短裤","A200-上衣+短裤.png","A200-上衣+短裤.txt"
"A089","上衣+短裤","A089-上衣+短裤.png","A089-上衣+短裤.txt"
"A093","上衣+短裤","A093-上衣+短裤.png","A093-上衣+短裤.txt"
"A178","上衣+短裤","A178-上衣+短裤.png","A178-上衣+短裤.txt"
"A026","上衣+短裤","A026-上衣+短裤.png","A026-上衣+短裤.txt"
"A041","上衣+长裤","A041-上衣+长裤.png","A041-上衣+长裤.txt"
"A012","上衣+长裤","A012-上衣+长裤.png","A012-上衣+长裤.txt"
"A046","上衣+短裤","A046-上衣+短裤.png","A046-上衣+短裤.txt"
"A077","时装穿搭","A077-时装穿搭.png","A077-时装穿搭.txt"
"A171","上衣+短裙","A171-上衣+短裙.png","A171-上衣+短裙.txt"
"A156","时装穿搭","A156-时装穿搭.png","A156-时装穿搭.txt"
"A157","时装穿搭","A157-时装穿搭.png","A157-时装穿搭.txt"
"A002","连体短裤","A002-连体短裤.png","A002-连体短裤.txt"
"A139","上衣+短裤","A139-上衣+短裤.png","A139-上衣+短裤.txt"
"A163","上衣+长裤","A163-上衣+长裤.png","A163-上衣+长裤.txt"
"A062","上衣+长裤","A062-上衣+长裤.png","A062-上衣+长裤.txt"
"A175","衬衫+短裤","A175-衬衫+短裤.png","A175-衬衫+短裤.txt"
"A017","上衣+长裤","A017-上衣+长裤.png","A017-上衣+长裤.txt"
"A113","时装穿搭","A113-时装穿搭.png","A113-时装穿搭.txt"
"A055","上衣+短裙","A055-上衣+短裙.png","A055-上衣+短裙.txt"
"A023","上衣+长裤","A023-上衣+长裤.png","A023-上衣+长裤.txt"
"A096","上衣+长裙","A096-上衣+长裙.png","A096-上衣+长裙.txt"
"A049","上衣+短裤","A049-上衣+短裤.png","A049-上衣+短裤.txt"
"A194","上衣+短裙","A194-上衣+短裙.png","A194-上衣+短裙.txt"
"A170","上衣+长裤","A170-上衣+长裤.png","A170-上衣+长裤.txt"
"A105","上衣+短裤","A105-上衣+短裤.png","A105-上衣+短裤.txt"
